install/java/osx,applications
blog/2/,blog
blog/3/,blog
blog/5/,blog
resources/papers/why-does-the-neocortex-have-layers-and-columns,resources/papers/a-theory-of-how-columns-in-the-neocortex-enable-learning-the-structure-of-the-world
company/events/2017/04/25/earth-pixels,company/events
company/newsletters/year-in-review-numenta-2015.html,company/newsletter/2016/01/07/year-in-review-numenta-2015
company/newsletters/announcing-bami-biological-and-machine-intelligence.html,company/newsletter/2016/05/11/announcing-bami-biological-and-machine-intelligence
company/newsletters/numenta-releases-htm-studio-desktop-application.html,press/2016/06/26/numenta-releases-htm-studio
assets/pdf/apps/de,applications
%23applications,applications
for-developers/education/ProblemsThatFitHTMs.pdf,resources/biological-and-machine-intelligence
machine-intelligence-technology.html,machine-intelligence-technology
about-numenta/numenta-technology.php,machine-intelligence-technology
machine-intelligence-technology.php,machine-intelligence-technology
machine-intelligence-technology-overview,machine-intelligence-technology
about-numenta/technology/pictures-demo.php,machine-intelligence-technology
about-numenta/customers.php,partners
assets/pdf/biological-and-machine-intelligence/0.4/BaMI-Encoders.pdf,resources/biological-and-machine-intelligence
assets/pdf/biological-and-machine-intelligence/0.4/BaMI-HTM-Overview.pdf,resources/biological-and-machine-intelligence
assets/pdf/biological-and-machine-intelligence/0.4/BaMI-Problem-Sets.pdf,resources/biological-and-machine-intelligence
assets/pdf/biological-and-machine-intelligence/0.4/BaMI-SDR.pdf,resources/biological-and-machine-intelligence
assets/pdf/biological-and-machine-intelligence/0.4/BaMI-Temporal-Memory.pdf,resources/biological-and-machine-intelligence/temporal-memory-algorithm
assets%E3%80%80/pdf/biological-and-machineintelligence/BAMI-Complete.pdf,resources/biological-and-machine-intelligence
assets/pdf/biological-and-machine-,resources/biological-and-machine-intelligence
assets/pdf/whitepa-,resources/papers-videos-and-more
founders.php,company/careers-and-team
company/newsletter/index.php,company/newsletter
fordevelopers/education/DileepThesis.pdf,resources/papers-videos-and-more
resources/papers/encoding-data-for-htm-systems.html,https://arxiv.org/abs/1602.05925
resources/papers-videos-and-more/hierarchical-temporal-memory-white-paper.html,resources/papers-videos-and-more/hierarchical-temporal-memory-white-paper
resources/papers-videos-and-more/resources/layers-and-columns,resources/papers/a-theory-of-how-columns-in-the-neocortex-enable-learning-the-structure-of-the-world
resources/papers-videos-and-more/on-intelligence.html,resources/papers-videos-and-more/on-intelligence
resources/papers-videos-and-more/resources/on-intelligence,resources/papers-videos-and-more/on-intelligence
resources/papers-videos-and-more/sparse-distributed-representations.html,resources/papers-videos-and-more/sparse-distributed-representations
resources/papers-videos-and-more/principles-of-hierarchical-temporal-memory.html,resources/papers-videos-and-more/htm-videos-from-jeff-hawkins
resources/papers-videos-and-more/hierarchical-memorywhite-paper.html,resources/papers-videos-and-more/hierarchical-temporal-memory-white-paper
resources/papers-videos-and-more/numenta-HBS-case,blog/2017/05/31/numenta-HBS-case
press/2015/05/22/numenta-and-ibm-to-build-biologically-inspired-intelligent-machines,press/releases
press/2015/04/14/numenta-the-bruce-lee-of-ai-and-deep-learning,press/releases
company/events/2017/12/14/boston-university,company/events/2017/12/13/boston-university
company/events/2017/06/18/dac,company/events
about-numenta/people.php,company/careers-and-team
company/careers-and-team/director-of-marketing.html,company/careers-and-team
archives/education/heli_static.swf,https://numenta.com
archives/software/vision/VisionToolkitTutorial.pdf,https://github.com/numenta/nupic.vision
blog/winner-of-htm-contest-at-yale.html,blog/2015/07/01/winner-of-htm-contest-at-yale
blog/and-the-award-goes-to.html,blog/2016/01/14/and-the-award-goes-to
blog/2017/10/19/todays-weak-ai,blog/2017/10/25/todays-weak-ai
blog/an-insiders-look-interview-with-yang-lan-and-jeff-hawkins.html,blog/2016/08/18/an-insiders-look-interview-with-yang-lan-and-jeff-hawkins
blog/can-neuroscientists-understand-the-brain.html,blog/2016/06/16/can-neuroscientists-understand-the-brain
blog/detecting-anomalies-in-stock-volumes.html,blog/2014/07/15/detecting-anomalies-in-stock-volumes
blog/how-is-groks-algorithm-different.html,blog/2012/06/04/how-is-groks-algorithm-different
blog/increasing-research-transparency.html,blog/2014/09/17/increasing-research-transparency
blog/index.rss,blog
blog/introducing-the-numenta-htm-challenge.html,blog/2015/09/29/introducing-the-numenta-htm-challenge
blog/jeff-hawkins-on-skynet-vs-c3po.html,blog/2012/12/13/jeff-hawkins-on-skynet-vs-c3po
blog/learning-through-active-exploration.html,blog/2014/10/07/learning-through-active-exploration
blog/machine-intelligence-machine-learning-deep-learning-artificial-intelligence.html,blog/2016/01/11/machine-intelligence-machine-learning-deep-learning-artificial-intelligence
blog/machine-intelligence-machine-learning-deep-learningartificial-intelligence.html,blog/2016/01/11/machine-intelligence-machine-learning-deep-learning-artificial-intelligence
blog/nab-a-benchmark-for-streaming-anomaly-detection.html,blog/2015/06/02/nab-a-benchmark-for-streaming-anomaly-detection
blog/nnachine-intelligence-nnachine-learnine-deep-learnine-,blog/2016/01/11/machine-intelligence-machine-learning-deep-learning-artificial-intelligence
blog/not-your-fathers-neural-network.html,blog/2013/02/19/not-your-fathers-neural-network
blog/numenta-anomaly-benchmark-contest-ieee-wcci-2016.html,blog/2016/02/11/numenta-anomaly-benchmark-contest-ieee-wcci-2016
blog/numenta-anomaly-benchmark-nab-competition-2016-winners.html,blog/2016/08/10/numenta-anomaly-benchmark-nab-competition-2016-winners
blog/numenta-at-computational-and-systems-neuroscience-conference.html,blog/2016/03/30/numenta-at-computational-and-systems-neuroscience-conference
blog/numenta-licensing-update-agpl.html,blog/2015/08/15/numenta-licensing-update-agpl
blog/progress-at-numenta.html,blog/2014/08/18/progress-at-numenta
blog/revisiting-a-1986-essay-on-brain-theory.html,blog/2016/08/04/revisiting-a-1986-essay-on-brain-theory
blog/summer-internships-and-extensibility-of-htm.html,blog/2014/08/11/summer-internships-and-extensibility-of-htm
blog/tag/Company.html,blog
blog/revisiting-a-1986-essay-on-brain-theory.html,blog/2016/08/04/revisiting-a-1986-essay-on-brain-theory
blog/the-neuroscience-behind-grok.html,blog/2013/01/03/the-neuroscience-behind-grok
blog/wait-the-brain-is-a-bloom-filter.html,blog/2012/10/07/wait-the-brain-is-a-bloom-filter
blog/winner-of-htm-contest-at-yale.html,blog/2015/07/01/winner-of-htm-contest-at-yale
blog/machine-intelligence-machine-learning-deep-learning-artificialintelligence.html,blog/2016/01/11/machine-intelligence-machine-learning-deep-learning-artificial-intelligence
blog/science-of-anomaly-detection.html,blog/2014/03/20/science-of-anomaly-detection
blog/real-time-insights-from-a-random-walk-htm-for-stocks-hits-the-iphone.html,blog/2016/02/18/real-time-insights-from-a-random-walk-htm-for-stocks-hits-the-iphone
blog/introducing-sparse-football-pool-ii-super-bowl-xlix.html,blog/2013/01/27/introducing-the-first-ever-sparse-football-pool
blog/big-datas-digital-nervous-system.html,blog/2012/09/06/big-datas-digital-nervous-system
blog/2016/01/11/machine-intelligence-machine-learning-deep-learning-artificial-intelligence/f78,blog/2016/01/11/machine-intelligence-machine-learning-deep-learning-artificial-intelligence
blog/brain-activity-map-project-arrives.html,blog/2013/03/04/brain-activity-map-project-arrives
blog/grok-for-managing-aws-cost-anomalies.html,blog/2014/08/29/grok-for-managing-aws-cost-anomalies
blog/jeff-hawkins-speaks-at-berkeley.html,blog/2012/10/01/jeff-hawkins-speaks-at-berkeley
blog/anomaly-of-the-week.html,blog/2014/04/04/anomaly-of-the-week
blog/htm-challenge-2015-results.html,blog/2015/12/01/htm-challenge-2015-results
blog/introducing-the-first-ever-sparse-football-pool.html,blog/2013/01/27/introducing-the-first-ever-sparse-football-pool
blog/jeff-hawkins-at-strange-loop.html,blog/2012/10/22/jeff-hawkins-at-strange-loop
blog/numenta-and-complex-event-processing.html,blog/2013/04/02/numenta-and-complex-event-processing
blog/sparse-football-pool-winner.html,blog/2013/01/29/sparse-football-pool-winner
blog/super-bowl-neuroscience-sparse-pool-ii-2015-results.html,blog/2015/02/04/super-bowl-neuroscience-sparse-pool-ii-2015-results
blog/the-neuroscience-behind-grok-part-2.html,blog/2013/05/01/the-neuroscience-behind-grok-part-2
blog/the-online-learning-advantage.html,blog/2013/04/11/the-online-learning-advantage
blog/the-problem-of-representation.html,blog/2012/08/27/the-problem-of-representation
blog/4/index.html,blog
blog/machine-intelligence-machine-learning-deep-learning-artificial-,blog/2016/01/11/machine-intelligence-machine-learning-deep-learning-artificial-intelligence
blog/2016/01/11/machine-intelligence-machine-learning-deep-learning-artificial-intelligencezEX,blog/2016/01/11/machine-intelligence-machine-learning-deep-learning-artificial-intelligence
blog/cleanup-on-asg-3.html,blog/2014/07/22/cleanup-on-asg-3
blog/caught-red-handed.html,blog/2014/04/22/caught-red-handed
blog/index.1.html,blog
/blog/2016/01/11/machine-intelligence-machine-learning-deep-learning-artificial-intelligence,blog/2016/01/11/machine-intelligence-machine-learning-deep-learning-artificial-intelligence
/blog/2014/09/17/increasing-research-transparency,blog/2014/09/17/increasing-research-transparency
/blog/2016/01/11/machine-intelligence-machine-learning-deep-learning-artificial-intelligence,blog/2016/06/16/can-neuroscientists-understand-the-brain
/blog/2015/06/02/nab-a-benchmark-for-streaming-anomaly-detection,blog/2015/06/02/nab-a-benchmark-for-streaming-anomaly-detection
company/careers-and-team.html,company/careers-and-team
company/careers-and-team/careers/internship-program,company/careers-and-team
contact/free/upgrade.html,contact
contact/thanks.html,contact/thanks
events/numenta-anomaly-benchmark-competition-at-ieee-wcci-2016.html,company/events/2016/07/24/numenta-anomaly-benchmark-competition-at-ieee-wcci-2016
events/numenta-htm-bay-area-meetup-santa-clara.html,company/events/2016/03/14/numenta-htm-bay-area-meetup-santa-clara
events/numenta-webinar.html,company/events/2016/04/26/numenta-webinar
events/strata-hadoop-world-big-data-conference-2016.html,company/events/2016/03/29/strata-hadoop-world-big-data-conference-2016
events/the-playfair-ai-summit-2016.html,company/events/2016/07/01/the-playfair-ai-summit-2016
faq.html,https://numenta.org/faq
legacysoftware.php,https://numenta.org
htmcla.php,resources/papers-videos-and-more/hierarchical-temporal-memory-white-paper
legal/rules/sparse-football-pool-ii-2015.html,blog/2015/02/04/super-bowl-neuroscience-sparse-pool-ii-2015-results
legal/results/sparse-football-pool-i-2013.html,blog/2013/01/29/sparse-football-pool-winner
legal/results/sparse-football-pool-ii-2015.html,blog/2015/01/22/introducing-sparse-football-pool-ii-super-bowl-xlix
legal/rules/sparse-football-pool-i-2013.html,blog/2013/01/27/introducing-the-first-ever-sparse-football-pool
legal/privacy.html,legal/privacy
legal/terms.html,legal/terms
about-numenta/press/2007-03-05.php,press
about-numenta/press/2008-03-19.php,press
about-numenta/news.php,press
mediawiki/index.php/Community_Wiki,https://discourse.numenta.org/users
papers/why-does-the-neocortex-have-layers-and-columns,resources/papers/a-theory-of-how-columns-in-the-neocortex-enable-learning-the-structure-of-the-world
press/2014/10/22/jeff-hawkins-limitations-of-artificial-neural-networks,press
press/2014/11/21/cognitive-computing-what-it-means-to-you,press
press/2015/11/10/numenta-anomaly-benchmark-nab-evaluatesanomaly-detection-techniques,press/2015/11/10/numenta-anomaly-benchmark-nab-evaluates-anomaly-detection-techniques
press/numenta-and-cortical-io-form-strategic-partnership.html,press/2015/05/14/numenta-and-cortical-io-form-strategic-partnership
press/numenta-announces-licensing-of-grok-for-it-to-avik-partners.html,press/2015/08/19/numenta-announces-licensing-of-grok-for-it-to-avik-partners
press/numenta-researchers-discover-how-the-brain-learns-sequences.html,press/2016/04/12/numenta-researchers-discover-how-the-brain-learns-sequences
press/single-artificial-neuron-taught-to-recognize-hundreds-of-patterns.html,https://www.technologyreview.com/s/543486/single-artificial-neuron-taught-to-recognize-hundreds-of-patterns
press/numenta-showcases-new-version-grok-aws-reinvent-2014.html,press/2014/11/05/numenta-showcases-new-version-grok-aws-reinvent-2014
press/thingworx-partnership.html,press/2013/04/18/thingworx-partnership
press/brain-like-computing.html,https://www.computer.org/web/computingnow/archive/brain-like-computing-may-2016
press/jeff-hawkins-on-his-approach-to-ai.html,https://gigaom.com/2014/09/24/the-gigaom-interview-jeff-hawkins-on-why-his-approach-to-ai-will-become-the-approach-to-ai
press/numenta-and-ibm-to-build-biologically-inspired-intelligent-machines.html,https://www.scoop.it/t/knowmads-infocology-of-the-future/p/4044590013/2015/05/28/numenta-and-ibm-to-build-biologically-inspired-intelligent-machines
reading.php,resources/papers-videos-and-more
resources/papers/real-time-anomaly-detection-for-streaming-analytics,resources/papers/unsupervised-real-time-anomaly-detection-for-streaming-data
resources/papers/unsupervised-real-time-anomaly-detection-for-streaming-data.html,resources/papers/unsupervised-real-time-anomaly-detection-for-streaming-data
terms.html,legal/terms
Numenta_,https://numenta.com
neuron-paper,resources/papers/why-neurons-have-thousands-of-synapses-theory-of-sequence-memory-in-neocortex
biolog-,resources/biological-and-machine-intelligence
bami,resources/biological-and-machine-intelligence
Numenta_HTM_Concepts.pdf?url=http%3A%2F%2Fnumenta.com%2FNumenta_HTM_Concepts.pdf,resources/biological-and-machine-intelligence
Numenta_HTM_Concepts.pdf,resources/biological-and-machine-intelligence
assets/pdf/grok/resources,https://grokstream.com
about-numenta/licensing.php,machine-intelligence-technology/business-strategy-and-ip
press/numenta-anomaly-benchmark-nab-evaluates-anomaly-detection-techniques.html,press/2015/11/10/numenta-anomaly-benchmark-nab-evaluates-anomaly-detection-techniques
prs/pr-04-18-13.html,press/2013/04/18/thingworx-partnership
people.html,company/careers-and-team
assets/pdf/whitepapers/hierarchical-temporal-memorycortical-learning-algorithm-0.2.1-en.pdf,resources/papers-videos-and-more/hierarchical-temporal-memory-white-paper
assets/pdf/whitepapers/current-research-overview-summer-2014.pdf,resources/biological-and-machine-intelligence
assets/pdf/whitepapers,resources/papers-videos-and-more
htmoverview/education/HTM_CorticalLearningAlgorithms.pdf,resources/papers-videos-and-more/hierarchical-temporal-memory-white-paper
htm-school,https://numenta.org/htm-school/
machine-intelligence-technology.php,machine-intelligence-technology
company/newsletters/numenta-open-sourcing-two-htm-products.html,company/newsletter/2015/06/09/numenta-open-sourcing-two-htm-products
numenta.org,https://numenta.org
Numenta_HTM_Concepts,resources/biological-and-machine-intelligence
archives/education/nupic_prog_guide.pdf,https://numenta.org
company/events/business-analytics-innovation-summit-chicago-2016.html,company/events/2016/05/19/business-analytics-innovation-summit-chicago-2016
company/events/areadne-2016-research-in-encoding-and-decoding-of-neural-ensembles.html,company/events/2016/06/22/areadne-2016-research-in-encoding-and-decoding-of-neural-ensembles
company/newsletters/numenta-newsletter-apr-2015.html,company/newsletter/2015/04/29/numenta-newsletter-apr-2015
company/events/global-big-data-conference-2016.html,company/events/2016/03/07/global-big-data-conference-2016
company/events/amazon-web-services-summit-ny.html,company/events/2014/07/09/amazon-web-services-summit-ny
applications/htm-studio/StuDio+Htm+Live+Program+2017+BeacuteLo+MahbOuL,applications/htm-studio
applications/htm-studio/Cheb+Bello+2018+Goulouli+Kelma+,applications/htm-studio
applications/htm-studio/windows.html,applications/htm-studio/windows
applications/htm-studio/date-time-formats.html,applications/htm-studio/date-time-formats
applications/htm-studio/modal-terms.html,applications/htm-studio
applications/htm-studio/faq/determine-anomalous.html,applications/htm-studio/faq/determine-anomalous
applications/htm-studio/faq/data-formats.html,applications/htm-studio/faq/data-formats
applications/htm-studio/faq/advanced-settings.html,applications/htm-studio/faq/advanced-settings
applications/htm-studio/faq/not-seeing-anomalies.html,applications/htm-studio/faq/not-seeing-anomalies
applications/htm-studio/faq/initial-learning-period.html,applications/htm-studio/faq/initial-learning-period
applications/htm-studio/faq/no-date-time-column.html,applications/htm-studio/date-time-formats
applications/htm-studio/faq/supported-platforms-versions.html,applications/htm-studio/faq/supported-platforms-versions
htm-studio/Cheb+Djalil+Ft+Mounir+Reacutecos+2017+,applications/htm-studio
htm-studio/Lensa+HTM+Januari+2017Activities,applications/htm-studio
htm-overview/education/%20Numenta_HTM_Learning_Algos.pdf,resources/biological-and-machine-intelligence
htm-overview/education/HTM_CorticalLearningAlgorithms.pdf,resources/papers-videos-and-more/hierarchical-temporal-memory-white-paper
assets/pdf/biologi,resources/biological-and-machine-intelligence
company/events/ai-by-the-bay.html,company/events/2016/05/19/ai-by-the-bay
company/events/orange-county-meetup-deriving-machine-intelligence-from-neuroscience.html,company/events/2016/06/01/orange-county-meetup-deriving-machine-intelligence-from-neuroscience
links/tbi_overview.php,https://numenta.com
archives/education/tbi_movie.swf,https://numenta.com
archives/documentation.php,resources/papers
resources/papers/why-neurons,resources/papers/why-neurons-have-thousands-of-synapses-theory-of-sequence-memory-in-neocortex
resources/biological-and-machine-intelligence/A5HgE,resources/biological-and-machine-intelligence
company/events/connected-car-hackathon-oakland-ca.html,company/events/2016/04/09/connected-car-hackathon-oakland-ca
press/jeff-hawkins-of-firing-up-the-silicon-brain.html,http://www.wired.com/2015/05/jeff-hawkins-firing-silicon-brain
company/events/cosyne-computational-and-systems-neuroscience-meeting-2016.html,company/events/2016/02/25/cosyne-computational-and-systems-neuroscience-meeting-2016
blog/2016/09/02/why-did-we-completely-change-our,blog/2016/09/02/why-did-we-completely-change-our-website-design-the-story-behind-our-new-look
resources/papers-videos-and-more/continuous-online-sequence-learning-with-an-unsupervised-neural-network-model.html,resources/papers/continuous-online-sequence-learning-with-an-unsupervised-neural-network-model
resources/papers/continuous-online-sequence-learning-with-an-unsupervised-neural-network-model.html,resources/papers/continuous-online-sequence-learning-with-an-unsupervised-neural-network-model
resources/papers/how-do-neurons-operate-on-sparse-distributed-representations.html,https://arxiv.org/abs/1601.00720
machine-intelligence-technology/blog/caught-red-handed.html,blog/2014/04/22/caught-red-handed
company/events/ml-conf-machine-learning-conference-san-francisco.html,company/events/2016/11/11/mlconf-machine-learning-conference-san-francisco-2016
phpBB2/viewtopic.php?t=1533,https://numenta.com
press/numenta-researchers-discover-how-the-brain-learns-sequences.html?_utm_source=1-2-2,press/2016/04/12/numenta-researchers-discover-how-the-brain-learns-sequences
company/events/dendritic-anatomy-molecules-and-function-heraklion-crete.html,company/events/2016/06/18/dendritic-anatomy-molecules-and-function-heraklion-crete
company/events/strata-hadoop-world-big-data-conference-2016.html,company/events/2016/03/29/strata-hadoop-world-big-data-conference-2016
company/events/numenta-webinar.html,company/events/2016/04/26/numenta-webinar
vision/vision-toolkit.php,https://github.com/numenta/nupic.vision
press/what-really-scares-tech-leaders-about-artificial-intelligence.html,http://www.forbes.com/sites/anthonykosner/2015/04/20/what-really-scares-tech-leaders-about-artificial-intelligence
chetan51/linguist,https://numenta.com
press/numenta-ships-new-htm-example-app-htm-for-stocks.html,press/2015/07/08/numenta-ships-new-htm-example-app-htm-for-stocks
press/deep-learning-and-machine-intelligence-eat-the-world-2015.html,https://www.forbes.com/sites/anthonykosner/2014/12/29/tech-2015-deep-learning-and-machine-intelligence-will-eat-the-world/#239ad2085d94
press/donna-dubinsky-standing-up-to-steve-jobs-and-being-right.html,http://learningleader.com/episode-128-donna-dubinsky-standing-up-to-steve-jobs-and-being-right/
press/from-not-working-to-neural-networking.html,https://www.economist.com/special-report/2016/06/25/from-not-working-to-neural-networking
press/jeff-hawkins-limitations-of-artificial-neural-networks.html,press
press/machine-learning-expert-check-6-tips-for-getting-started-in-the-machine-learning.html,https://jaxenter.de/machine-learning-experten-check-43830
press/numenta-gigaom-presentation.html,press/2013/02/14/numenta-gigaom-presentation
press/numenta-grok-for-stocks-app-uses-ai-decipher-stock-market-patterns.html,https://venturebeat.com/2015/07/08/numentas-grok-for-stocks-app-uses-a-i-to-decipher-stock-market-patterns/
press/numenta-releases-grok-for-it-analytics-on-aws.html,press/2014/03/25/numenta-releases-grok-for-it-analytics-on-aws
press/numenta-ships-new-htm-example-app-grok-for-stocks.html,press/2015/07/08/numenta-ships-new-htm-example-app-htm-for-stocks
press/nupic-open-source-project.html,press/2013/07/22/nupic-open-source-project
press/sybase-esp-integration.html,press/2013/05/17/sybase-esp-integration
press/numenta-changes-name-to-grok.html,press
press/terminator-not-coming-future-will-thank-us.html,https://www.recode.net/2015/3/2/11559576/the-terminator-is-not-coming-the-future-will-thank-us
resources/papers-videos-and-more/hierarchical-temporal-memorywhite-paper.html.,resources/papers-videos-and-more/hierarchical-temporal-memory-white-paper
assets/pdf/whitepapers/hierarchical-temporal-,resources/papers-videos-and-more/hierarchical-temporal-memory-white-paper
company/events/14th-ieee-international-conference-on-machine-learning-icmla.html,company/events/2015/12/09/14th-ieee-international-conference-on-machine-learning-icmla
company/events/machine-intelligence-with-htm-a-new-approach-to-time-based-learning.html,company/events/2016/08/08/machine-intelligence-with-htm-a-new-approach-to-time-based-learning
machine-intelligence-technology/blog/anomaly-of-the-week.html,blog/2014/04/04/anomaly-of-the-week
applications/htm-studio/Cheikh+Mamidou+2017+Yen3albo+Lsani+Li+Kalik+Nsani+,applications/htm-studio
company/events/dataversity-smart-data-conference-san-jose-2015.html,company/events/2015/08/18/dataversity-smart-data-conference-san-jose-2015
assets/pdf/whitepapers/hierarchical-temporal-memory-cortical-learning-algorithm-0.2.1-en.pdf),resources/papers-videos-and-more/hierarchical-temporal-memory-white-paper
about-numenta/Numenta_Non-Commercial_License.txt,assets/pdf/apps/licensing-guide.pdf
aboutnumenta/customers.php,partners
for-developers.php,https://numenta.org
about-numenta/press/2007-08-29.php,press
about-numenta/demoapps.php,applications
about-numenta/careers.php,company/careers-and-team
company/newsletters,company/newsletter
company/newsletters/,company/newsletter
terms/index.html,legal/terms
for-developers,https://numenta.org
htm-for-stocks,applications
grok,https://grokstream.com
events,company/events
careers-and-team,company/careers-and-team
careers,company/careers-and-team
company,https://numenta.com
technology,machine-intelligence-technology
temporal-memory-algorithm,resources/biological-and-machine-intelligence/temporal-memory-algorithm
spatial-pooling-algorithm,resources/biological-and-machine-intelligence/spatial-pooling-algorithm
scholars,company/careers-and-team/careers/visiting-scholar-program
papers-videos-and-more,resources/papers-videos-and-more
open-source-community,resources/open-source-community
htm-overview,resources/biological-and-machine-intelligence
htm-school,https://numenta.org/htm-school
htm-studio,applications/htm-studio
newsletter,company/newsletter
mission-and-history,company/mission-and-history
learn,resources/papers-videos-and-more
business-strategy-and-ip,machine-intelligence-technology/business-strategy-and-ip
biological-and-machine-intelligence,resources/biological-and-machine-intelligence
anomaly-detection-benchmark,applications/anomaly-detection-benchmark
library,resources/papers
nab,applications/numenta-anomaly-benchmark
papers,resources/papers
privacy,legal/privacy
support,contact
terms,legal/terms
code-of-conduct.php,company/mission-and-history
contact.php,contact
nucontact.php,contact
nucareers.php,company/careers-and-team
register.php,https://numenta.com
login.php,https://numenta.com
news.html,press
vision,https://github.com/numenta/nupic.vision
numenta-in-a-nutshell,machine-intelligence-technology/numenta-in-a-nutshell
numenta-anomaly-benchmark,applications/numenta-anomaly-benchmark
htmoverview/education,resources/biological-and-machine-intelligence
neuroscience-research/cortical-theory,neuroscience-research
neuroscience-research/cortical-theory/,neuroscience-research
htm-it,https://numenta.com
500.html,https://numenta.com
index.php,https://numenta.com
how_grok_works.html,https://grokstream.com
resources/papers-videos-and-more/numenta-HBS-case,blog/2017/05/31/numenta-HBS-case
resources/papers-videos-and-more/numenta-HBS-case/,blog/2017/05/31/numenta-HBS-case/
machine-intelligence-technology/neuroscience-research,neuroscience-research
